training_time,inference_time,accuracy,mse,model_size_bytes
5.269050598144531e-05,0.0002548694610595703,0.7941176470588235,0.20588235294117646,208
