training_time,preparation_time,inference_time,accuracy,mse,scheme,training_mode
0.0004985332489013672,0.008794069290161133,5.0052289962768555,0.8235294117647058,0.17647058823529413,bfv,plaintext
