training_time,inference_time,accuracy,mse,scheme
4.4345855712890625e-05,5.359183073043823,0.8235294117647058,0.17647058823529413,bfv
