training_time,inference_time,accuracy,mse,scheme
6.0558319091796875e-05,2.042863130569458,0.7941176470588235,0.20588235294117646,ckks
